Variant,ASR (%),LPIPS
"Oklch-PGD (L+C, Freeze H)",73.5,0.0039778829077258705
"Oklch-PGD (L, Freeze C+H)",70.5,0.0029118321873247625
"Oklch-PGD (C+H, Freeze L)",55.60000000000001,0.0009270889037288725
"Oklch-PGD (C, Freeze L+H)",47.5,0.0003731126714264974
"Oklch-PGD (H, Freeze L+C)",39.6,0.0003893932458595373
"Oklch-PGD (L+H, Freeze C)",69.39999999999999,0.0036462720204144716
"Oklch-PGD (L+C+H, No Freezing)",79.3,0.004713312052190304
