Variant,LPIPS,ResNet50,EfficientNet,ViT-B-16,VGG16
Visible RGB Grid,0.4605236110687256,72.3,84.8,47.3,90.8
Luminance Interference (L),0.4839822952747345,81.6,89.1,56.699999999999996,94.19999999999999
Chromic Interference (L+C),0.521045768737793,84.5,90.2,63.2,95.7
Natural Luminance (L),0.588205792427063,87.8,91.7,67.80000000000001,98.4
Natural Chromic (L+C),0.6048720993995667,93.8,94.5,68.30000000000001,99.3
