{
    "Clean": {
        "acc": 1.0
    },
    "Luminance_Grid": {
        "acc": 0.163,
        "lpips": 0.448170440196991,
        "acc_purified": 0.039
    },
    "Random_RGB": {
        "acc": 0.574,
        "lpips": 0.44864247606694696,
        "eps": 0.1679296875,
        "acc_purified": 0.042
    },
    "Random_L": {
        "acc": 0.695,
        "lpips": 0.44829340460896494,
        "eps": 0.1074072265625,
        "acc_purified": 0.051
    }
}