{"stats": {"Clean": {"acc": 1000}, "Luminance_Grid": {"acc": 163, "lpips": 448.17044019699097, "acc_purified": 39}, "Random_RGB": {"acc": 574, "lpips": 448.642476066947, "eps": 167.9296875, "acc_purified": 42}, "Random_L": {"acc": 695, "lpips": 448.2934046089649, "eps": 107.4072265625, "acc_purified": 51}}, "valid_count": 1000, "last_idx": 999}