{
    "Clean": {
        "acc": 1.0
    },
    "Luminance_Grid": {
        "acc": 0.132,
        "lpips": 0.4670964919179678,
        "acc_purified": 0.258
    },
    "Random_RGB": {
        "acc": 0.52,
        "lpips": 0.46740304890275003,
        "eps": 0.1839013671875,
        "acc_purified": 0.821
    },
    "Random_L": {
        "acc": 0.665,
        "lpips": 0.46696668258309365,
        "eps": 0.1148779296875,
        "acc_purified": 0.806
    }
}