Attack,ASR (%),LPIPS,SSIM,L2,ΔL,ΔC,ΔH
OKLCH-PGD,93.29999774694443,0.005569855822250247,0.9895817339420319,2.5011760234832763,0.0033035308006219566,0.0013204012822825462,4.018727457523346
CIELAB-PGD,97.49999821186066,0.008088115160353482,0.9824349284172058,3.099674105644226,0.0037446184433065355,0.0025023605092428626,19.810007286071777
