{
    "Narrowband_ASR": 94.69999999999999,
    "Narrowband_LPIPS": 0.5808142318725585,
    "LuminanceGrid_ASR": 94.3,
    "LuminanceGrid_LPIPS": 0.5555282726287841,
    "AdvPatch_ASR": 91.3,
    "AdvPatch_LPIPS": 0.04443175745010376
}