{
    "Narrowband_ASR": 95.3,
    "Narrowband_LPIPS": 0.5609326496124267,
    "LuminanceGrid_ASR": 93.2,
    "LuminanceGrid_LPIPS": 0.537952299118042,
    "AdvPatch_ASR": 92.10000000000001,
    "AdvPatch_LPIPS": 0.044470311164855954
}