{
    "0.05": {
        "pre_lpips": 0.4404554131627083,
        "post_lpips": 0.4856213903427124,
        "survival_pct": 53.05597388744354
    },
    "0.1": {
        "pre_lpips": 0.5704571491479874,
        "post_lpips": 0.5881402099132538,
        "survival_pct": 61.4525625705719
    },
    "0.2": {
        "pre_lpips": 0.6517975389957428,
        "post_lpips": 0.6418895280361175,
        "survival_pct": 66.4998996257782
    },
    "0.3": {
        "pre_lpips": 0.6929897391796112,
        "post_lpips": 0.6611672496795654,
        "survival_pct": 69.99132883548737
    },
    "0.4": {
        "pre_lpips": 0.7210383844375611,
        "post_lpips": 0.6764875137805939,
        "survival_pct": 71.74376726150513
    },
    "0.5": {
        "pre_lpips": 0.7426398527622223,
        "post_lpips": 0.6932329320907593,
        "survival_pct": 72.75738680362701
    }
}