{
    "metadata": {
        "surrogate_model": "ResNet50",
        "N": 1000
    },
    "results": {
        "RGB-PGD Baseline": {
            "lpips": 0.1797468179426853,
            "asr": {
                "AlexNet": 11.475409836065573,
                "VGG16": 24.745269286754006,
                "MobileNet": 17.73049645390071,
                "EfficientNet": 14.325452016689846,
                "ViT-B-16": 4.5822102425876015
            },
            "mean_asr": 14.571767567199549
        },
        "OKLCH ($L+C+H$)": {
            "lpips": 0.09877494955962558,
            "asr": {
                "AlexNet": 6.739526411657559,
                "VGG16": 12.081513828238718,
                "MobileNet": 9.50354609929078,
                "EfficientNet": 8.6230876216968,
                "ViT-B-16": 1.6172506738544474
            },
            "mean_asr": 7.712984926947662
        },
        "OKLCH ($L+C$) [Freeze $H$]": {
            "lpips": 0.09484907816041191,
            "asr": {
                "AlexNet": 6.0109289617486334,
                "VGG16": 12.372634643377003,
                "MobileNet": 9.50354609929078,
                "EfficientNet": 7.927677329624479,
                "ViT-B-16": 2.15633423180593
            },
            "mean_asr": 7.594224253169365
        },
        "OKLCH ($C+H$) [Freeze $L$]": {
            "lpips": 0.03208923362336069,
            "asr": {
                "AlexNet": 3.278688524590164,
                "VGG16": 5.240174672489083,
                "MobileNet": 3.829787234042553,
                "EfficientNet": 2.920723226703755,
                "ViT-B-16": 0.6738544474393532
            },
            "mean_asr": 3.1886456210529817
        },
        "OKLCH ($L$) [Freeze $C+H$]": {
            "lpips": 0.07249540622879125,
            "asr": {
                "AlexNet": 4.735883424408015,
                "VGG16": 9.75254730713246,
                "MobileNet": 8.368794326241135,
                "EfficientNet": 6.815020862308763,
                "ViT-B-16": 1.2129380053908356
            },
            "mean_asr": 6.177036785096242
        },
        "OKLCH ($C$) [Freeze $L+H$]": {
            "lpips": 0.02756588376543057,
            "asr": {
                "AlexNet": 3.4608378870673953,
                "VGG16": 4.512372634643377,
                "MobileNet": 3.404255319148936,
                "EfficientNet": 2.642559109874826,
                "ViT-B-16": 0.8086253369272237
            },
            "mean_asr": 2.9657300575323515
        },
        "OKLCH ($H$) [Freeze $L+C$]": {
            "lpips": 0.005020268626932828,
            "asr": {
                "AlexNet": 0.546448087431694,
                "VGG16": 1.3100436681222707,
                "MobileNet": 1.1347517730496455,
                "EfficientNet": 1.1126564673157162,
                "ViT-B-16": 0.40431266846361186
            },
            "mean_asr": 0.9016425328765877
        }
    }
}