{
    "resnet50": {
        "Clean_Accuracy": 0.798,
        "Adv_Patch_ASR": 0.36466165413533835,
        "Narrowband_ASR": 0.8471177944862155,
        "Grid_Harmonic_ASR": 0.8283208020050126,
        "Avg_LPIPS_Footprint": 0.4817235118150711
    },
    "Salman2020Do_R50": {
        "Clean_Accuracy": 0.587,
        "Adv_Patch_ASR": 0.797274275979557,
        "Narrowband_ASR": 0.9063032367972743,
        "Grid_Harmonic_ASR": 0.8603066439522998,
        "Avg_LPIPS_Footprint": 0.4817235118150711
    },
    "Salman2020Do_50_2": {
        "Clean_Accuracy": 0.642,
        "Adv_Patch_ASR": 0.7959501557632399,
        "Narrowband_ASR": 0.9236760124610592,
        "Grid_Harmonic_ASR": 0.8644859813084113,
        "Avg_LPIPS_Footprint": 0.4817235118150711
    }
}