{
    "Total_Evaluated": 798,
    "results": {
        "Adversarial Patch": {
            "Pre_ASR": 0.41604010025062654,
            "Post_ASR": 0.13659147869674185,
            "Rescued": 224,
            "Hallucinated": 1
        },
        "Narrowband Feature Mimicry": {
            "Pre_ASR": 0.8471177944862156,
            "Post_ASR": 0.9323308270676691,
            "Rescued": 9,
            "Hallucinated": 77
        },
        "Luminance Grid": {
            "Pre_ASR": 0.8283208020050126,
            "Post_ASR": 0.8333333333333335,
            "Rescued": 28,
            "Hallucinated": 32
        },
        "Luminance Grid (A=0.05)": {
            "Pre_ASR": 0.16666666666666663,
            "Post_ASR": 0.18922305764411024,
            "Rescued": 25,
            "Hallucinated": 43
        }
    }
}