{
    "Total_Evaluated": 699,
    "results": {
        "Adversarial Patch": {
            "Pre_ASR": 0.2646638054363376,
            "Post_ASR": 0.5708154506437768,
            "Rescued": 52,
            "SNR_Survived": 266
        },
        "Narrowband Feature Mimicry": {
            "Pre_ASR": 0.9928469241773964,
            "Post_ASR": 0.9971387696709584,
            "Rescued": 1,
            "SNR_Survived": 4
        },
        "Luminance Grid": {
            "Pre_ASR": 0.9928469241773964,
            "Post_ASR": 0.994277539341917,
            "Rescued": 2,
            "SNR_Survived": 3
        },
        "Luminance Grid (A=0.05)": {
            "Pre_ASR": 0.6094420600858369,
            "Post_ASR": 0.8254649499284692,
            "Rescued": 20,
            "SNR_Survived": 171
        },
        "Chromic Grid": {
            "Pre_ASR": 0.9928469241773964,
            "Post_ASR": 0.9971387696709584,
            "Rescued": 1,
            "SNR_Survived": 4
        },
        "Chromic Grid (A=0.05)": {
            "Pre_ASR": 0.7439198855507868,
            "Post_ASR": 0.8969957081545065,
            "Rescued": 16,
            "SNR_Survived": 123
        }
    }
}