{
    "metadata": {
        "surrogate_model": "ResNet50",
        "N": 1000
    },
    "results": {
        "RGB-PGD Baseline": {
            "lpips": 0.04337448882578608,
            "asr": {
                "AlexNet": 39.849624060150376,
                "VGG16": 37.21804511278196,
                "MobileNet": 30.075187969924812,
                "EfficientNet": 25.93984962406015,
                "ViT-B-16": 11.654135338345863
            },
            "mean_asr": 28.94736842105263
        },
        "OKLCH ($L+C+H$)": {
            "lpips": 0.017194641357227078,
            "asr": {
                "AlexNet": 38.471177944862156,
                "VGG16": 24.81203007518797,
                "MobileNet": 22.807017543859647,
                "EfficientNet": 18.796992481203006,
                "ViT-B-16": 9.398496240601503
            },
            "mean_asr": 22.857142857142854
        },
        "OKLCH ($L+C$) [Freeze $H$]": {
            "lpips": 0.014980005441154154,
            "asr": {
                "AlexNet": 38.22055137844612,
                "VGG16": 25.438596491228072,
                "MobileNet": 22.305764411027567,
                "EfficientNet": 18.170426065162907,
                "ViT-B-16": 8.646616541353383
            },
            "mean_asr": 22.55639097744361
        },
        "OKLCH ($C+H$) [Freeze $L$]": {
            "lpips": 0.006193453936200393,
            "asr": {
                "AlexNet": 36.84210526315789,
                "VGG16": 17.919799498746865,
                "MobileNet": 16.165413533834585,
                "EfficientNet": 14.411027568922306,
                "ViT-B-16": 7.518796992481203
            },
            "mean_asr": 18.57142857142857
        },
        "OKLCH ($L$) [Freeze $C+H$]": {
            "lpips": 0.007116961290588355,
            "asr": {
                "AlexNet": 37.468671679197996,
                "VGG16": 22.305764411027567,
                "MobileNet": 20.551378446115287,
                "EfficientNet": 17.042606516290725,
                "ViT-B-16": 7.644110275689223
            },
            "mean_asr": 21.00250626566416
        },
        "OKLCH ($C$) [Freeze $L+H$]": {
            "lpips": 0.004734639106388379,
            "asr": {
                "AlexNet": 36.59147869674185,
                "VGG16": 17.418546365914786,
                "MobileNet": 15.288220551378446,
                "EfficientNet": 13.533834586466165,
                "ViT-B-16": 7.393483709273182
            },
            "mean_asr": 18.045112781954888
        },
        "OKLCH ($H$) [Freeze $L+C$]": {
            "lpips": 0.0009358093964710907,
            "asr": {
                "AlexNet": 36.46616541353384,
                "VGG16": 16.541353383458645,
                "MobileNet": 13.032581453634084,
                "EfficientNet": 10.401002506265664,
                "ViT-B-16": 6.390977443609022
            },
            "mean_asr": 16.56641604010025
        }
    }
}