{
    "RGB-PGD Baseline": {
        "lpips": 0.08261104322969913,
        "asr": {
            "ResNet50": 100.0,
            "ViT-B-16": 100.0,
            "VGG16": 99.9,
            "DenseNet121": 99.9,
            "EfficientNet": 100.0
        },
        "mean_asr": 99.96000000000001
    },
    "OKLCH ($L+C+H$)": {
        "lpips": 0.036437900960445406,
        "asr": {
            "ResNet50": 99.6,
            "ViT-B-16": 99.8,
            "VGG16": 99.9,
            "DenseNet121": 99.9,
            "EfficientNet": 100.0
        },
        "mean_asr": 99.84
    },
    "OKLCH ($L+C$) [Freeze $H$]": {
        "lpips": 0.03251901555806398,
        "asr": {
            "ResNet50": 99.6,
            "ViT-B-16": 99.6,
            "VGG16": 99.9,
            "DenseNet121": 99.9,
            "EfficientNet": 99.8
        },
        "mean_asr": 99.76
    },
    "OKLCH ($C+H$) [Freeze $L$]": {
        "lpips": 0.011977902157232165,
        "asr": {
            "ResNet50": 96.8,
            "ViT-B-16": 96.0,
            "VGG16": 99.7,
            "DenseNet121": 99.9,
            "EfficientNet": 98.4
        },
        "mean_asr": 98.16
    },
    "OKLCH ($L$) [Freeze $C+H$]": {
        "lpips": 0.018004594389349222,
        "asr": {
            "ResNet50": 98.0,
            "ViT-B-16": 96.2,
            "VGG16": 99.9,
            "DenseNet121": 99.9,
            "EfficientNet": 99.8
        },
        "mean_asr": 98.76
    },
    "OKLCH ($C$) [Freeze $L+H$]": {
        "lpips": 0.009284915253520012,
        "asr": {
            "ResNet50": 95.19999999999999,
            "ViT-B-16": 93.5,
            "VGG16": 99.6,
            "DenseNet121": 99.9,
            "EfficientNet": 97.0
        },
        "mean_asr": 97.03999999999999
    },
    "OKLCH ($H$) [Freeze $L+C$]": {
        "lpips": 0.0019136317085940392,
        "asr": {
            "ResNet50": 64.5,
            "ViT-B-16": 59.3,
            "VGG16": 78.7,
            "DenseNet121": 84.6,
            "EfficientNet": 64.1
        },
        "mean_asr": 70.24
    }
}