{
    "results": [
        {
            "model": "resnet50",
            "RGB_ASR": 100.0,
            "RGB_LPIPS": 0.011099223092198372,
            "OKLCH_ASR": 53.800000000000004,
            "OKLCH_LPIPS": 0.1732958479821682
        },
        {
            "model": "Liu2023Comprehensive_ConvNeXt-L",
            "RGB_ASR": 40.2,
            "RGB_LPIPS": 0.01950873777270317,
            "OKLCH_ASR": 40.300000000000004,
            "OKLCH_LPIPS": 0.17610117948055268
        }
    ]
}